{
    "loss": 4.608551502227783,
    "accuracy": 0.5086206793785095
}